species,kingdom,phylum,class,order,family,genus,main_common_name,population_trend,marine_system,freshwater_system,terrestrial_system,state,
Alopias vulpinus,ANIMALIA,CHORDATA,CHONDRICHTHYES,LAMNIFORMES,ALOPIIDAE,Alopias,Common Thresher,Decreasing,TRUE,FALSE,FALSE,Louisiana,
Alopias vulpinus,ANIMALIA,CHORDATA,CHONDRICHTHYES,LAMNIFORMES,ALOPIIDAE,Alopias,Common Thresher,Decreasing,TRUE,FALSE,FALSE,north carolina,
Alopias vulpinus,ANIMALIA,CHORDATA,CHONDRICHTHYES,LAMNIFORMES,ALOPIIDAE,Alopias,Common Thresher,Decreasing,TRUE,FALSE,FALSE,texas,
Alopias vulpinus,ANIMALIA,CHORDATA,CHONDRICHTHYES,LAMNIFORMES,ALOPIIDAE,Alopias,Common Thresher,Decreasing,TRUE,FALSE,FALSE,maine,
Alopias vulpinus,ANIMALIA,CHORDATA,CHONDRICHTHYES,LAMNIFORMES,ALOPIIDAE,Alopias,Common Thresher,Decreasing,TRUE,FALSE,FALSE,south carolina,
Alopias vulpinus,ANIMALIA,CHORDATA,CHONDRICHTHYES,LAMNIFORMES,ALOPIIDAE,Alopias,Common Thresher,Decreasing,TRUE,FALSE,FALSE,new york,
Alopias vulpinus,ANIMALIA,CHORDATA,CHONDRICHTHYES,LAMNIFORMES,ALOPIIDAE,Alopias,Common Thresher,Decreasing,TRUE,FALSE,FALSE,new hampshire,
Alopias vulpinus,ANIMALIA,CHORDATA,CHONDRICHTHYES,LAMNIFORMES,ALOPIIDAE,Alopias,Common Thresher,Decreasing,TRUE,FALSE,FALSE,oregon,
Alopias vulpinus,ANIMALIA,CHORDATA,CHONDRICHTHYES,LAMNIFORMES,ALOPIIDAE,Alopias,Common Thresher,Decreasing,TRUE,FALSE,FALSE,maryland,
Alopias vulpinus,ANIMALIA,CHORDATA,CHONDRICHTHYES,LAMNIFORMES,ALOPIIDAE,Alopias,Common Thresher,Decreasing,TRUE,FALSE,FALSE,georgia,
Alopias vulpinus,ANIMALIA,CHORDATA,CHONDRICHTHYES,LAMNIFORMES,ALOPIIDAE,Alopias,Common Thresher,Decreasing,TRUE,FALSE,FALSE,new jersey,
Alopias vulpinus,ANIMALIA,CHORDATA,CHONDRICHTHYES,LAMNIFORMES,ALOPIIDAE,Alopias,Common Thresher,Decreasing,TRUE,FALSE,FALSE,virginia,
Alopias vulpinus,ANIMALIA,CHORDATA,CHONDRICHTHYES,LAMNIFORMES,ALOPIIDAE,Alopias,Common Thresher,Decreasing,TRUE,FALSE,FALSE,delaware,
Alopias vulpinus,ANIMALIA,CHORDATA,CHONDRICHTHYES,LAMNIFORMES,ALOPIIDAE,Alopias,Common Thresher,Decreasing,TRUE,FALSE,FALSE,california,
Alopias vulpinus,ANIMALIA,CHORDATA,CHONDRICHTHYES,LAMNIFORMES,ALOPIIDAE,Alopias,Common Thresher,Decreasing,TRUE,FALSE,FALSE,florida,
Alopias vulpinus,ANIMALIA,CHORDATA,CHONDRICHTHYES,LAMNIFORMES,ALOPIIDAE,Alopias,Common Thresher,Decreasing,TRUE,FALSE,FALSE,washington,
Alopias vulpinus,ANIMALIA,CHORDATA,CHONDRICHTHYES,LAMNIFORMES,ALOPIIDAE,Alopias,Common Thresher,Decreasing,TRUE,FALSE,FALSE,hawaii,
Amphinaias couchiana,ANIMALIA,MOLLUSCA,BIVALVIA,UNIONOIDA,UNIONIDAE,Amphinaias,NA,NA,FALSE,TRUE,FALSE,Texas,
Anser erythropus,ANIMALIA,CHORDATA,AVES,ANSERIFORMES,ANATIDAE,Anser,Lesser White-fronted Goose,Decreasing,FALSE,TRUE,TRUE,NA,not in US
Aphaenogaster bidentatus,ANIMALIA,ARTHROPODA,INSECTA,HYMENOPTERA,FORMICIDAE,Aphaenogaster,NA,NA,FALSE,FALSE,TRUE,NA,unknown
Axis porcinus,ANIMALIA,CHORDATA,MAMMALIA,CETARTIODACTYLA,CERVIDAE,Axis,Hog Deer,Decreasing,FALSE,TRUE,TRUE,NA,not in US
Aythya ferina,ANIMALIA,CHORDATA,AVES,ANSERIFORMES,ANATIDAE,Aythya,Common Pochard,Decreasing,TRUE,TRUE,TRUE,NA,not in US
Balaenoptera edeni,ANIMALIA,CHORDATA,MAMMALIA,CETARTIODACTYLA,BALAENOPTERIDAE,Balaenoptera,Bryde's Whale,Unknown,TRUE,FALSE,FALSE,california,
Balaenoptera edeni,ANIMALIA,CHORDATA,MAMMALIA,CETARTIODACTYLA,BALAENOPTERIDAE,Balaenoptera,Bryde's Whale,Unknown,TRUE,FALSE,FALSE,florida,
Balaenoptera edeni,ANIMALIA,CHORDATA,MAMMALIA,CETARTIODACTYLA,BALAENOPTERIDAE,Balaenoptera,Bryde's Whale,Unknown,TRUE,FALSE,FALSE,georgia,
Balaenoptera edeni,ANIMALIA,CHORDATA,MAMMALIA,CETARTIODACTYLA,BALAENOPTERIDAE,Balaenoptera,Bryde's Whale,Unknown,TRUE,FALSE,FALSE,south carolina,
Balistes capriscus,ANIMALIA,CHORDATA,ACTINOPTERYGII,TETRAODONTIFORMES,BALISTIDAE,Balistes,Gray Triggerfish,Decreasing,TRUE,FALSE,FALSE,maine,
Balistes capriscus,ANIMALIA,CHORDATA,ACTINOPTERYGII,TETRAODONTIFORMES,BALISTIDAE,Balistes,Gray Triggerfish,Decreasing,TRUE,FALSE,FALSE,new hampshire,
Balistes capriscus,ANIMALIA,CHORDATA,ACTINOPTERYGII,TETRAODONTIFORMES,BALISTIDAE,Balistes,Gray Triggerfish,Decreasing,TRUE,FALSE,FALSE,massachusetts,
Balistes capriscus,ANIMALIA,CHORDATA,ACTINOPTERYGII,TETRAODONTIFORMES,BALISTIDAE,Balistes,Gray Triggerfish,Decreasing,TRUE,FALSE,FALSE,rhode island,
Balistes capriscus,ANIMALIA,CHORDATA,ACTINOPTERYGII,TETRAODONTIFORMES,BALISTIDAE,Balistes,Gray Triggerfish,Decreasing,TRUE,FALSE,FALSE,connecticut,
Balistes capriscus,ANIMALIA,CHORDATA,ACTINOPTERYGII,TETRAODONTIFORMES,BALISTIDAE,Balistes,Gray Triggerfish,Decreasing,TRUE,FALSE,FALSE,new jersey,
Balistes capriscus,ANIMALIA,CHORDATA,ACTINOPTERYGII,TETRAODONTIFORMES,BALISTIDAE,Balistes,Gray Triggerfish,Decreasing,TRUE,FALSE,FALSE,new york,
Balistes capriscus,ANIMALIA,CHORDATA,ACTINOPTERYGII,TETRAODONTIFORMES,BALISTIDAE,Balistes,Gray Triggerfish,Decreasing,TRUE,FALSE,FALSE,delaware,
Balistes capriscus,ANIMALIA,CHORDATA,ACTINOPTERYGII,TETRAODONTIFORMES,BALISTIDAE,Balistes,Gray Triggerfish,Decreasing,TRUE,FALSE,FALSE,maryland,
Balistes capriscus,ANIMALIA,CHORDATA,ACTINOPTERYGII,TETRAODONTIFORMES,BALISTIDAE,Balistes,Gray Triggerfish,Decreasing,TRUE,FALSE,FALSE,north carolina,
Balistes capriscus,ANIMALIA,CHORDATA,ACTINOPTERYGII,TETRAODONTIFORMES,BALISTIDAE,Balistes,Gray Triggerfish,Decreasing,TRUE,FALSE,FALSE,south carolina,
Balistes capriscus,ANIMALIA,CHORDATA,ACTINOPTERYGII,TETRAODONTIFORMES,BALISTIDAE,Balistes,Gray Triggerfish,Decreasing,TRUE,FALSE,FALSE,georgia,
Balistes capriscus,ANIMALIA,CHORDATA,ACTINOPTERYGII,TETRAODONTIFORMES,BALISTIDAE,Balistes,Gray Triggerfish,Decreasing,TRUE,FALSE,FALSE,florida,
Balistes capriscus,ANIMALIA,CHORDATA,ACTINOPTERYGII,TETRAODONTIFORMES,BALISTIDAE,Balistes,Gray Triggerfish,Decreasing,TRUE,FALSE,FALSE,alabama,
Balistes capriscus,ANIMALIA,CHORDATA,ACTINOPTERYGII,TETRAODONTIFORMES,BALISTIDAE,Balistes,Gray Triggerfish,Decreasing,TRUE,FALSE,FALSE,mississippi,
Balistes capriscus,ANIMALIA,CHORDATA,ACTINOPTERYGII,TETRAODONTIFORMES,BALISTIDAE,Balistes,Gray Triggerfish,Decreasing,TRUE,FALSE,FALSE,Louisiana,
Balistes capriscus,ANIMALIA,CHORDATA,ACTINOPTERYGII,TETRAODONTIFORMES,BALISTIDAE,Balistes,Gray Triggerfish,Decreasing,TRUE,FALSE,FALSE,texas,
Caecidotea macropoda,ANIMALIA,ARTHROPODA,MALACOSTRACA,ISOPODA,ASELLIDAE,Caecidotea,Bat Cave Isopod,NA,FALSE,TRUE,FALSE,arkansas,
Caecidotea macropoda,ANIMALIA,ARTHROPODA,MALACOSTRACA,ISOPODA,ASELLIDAE,Caecidotea,Bat Cave Isopod,NA,FALSE,TRUE,FALSE,oklahoma,
Calidris pygmaea,ANIMALIA,CHORDATA,AVES,CHARADRIIFORMES,SCOLOPACIDAE,Calidris,Spoon-billed Sandpiper,Decreasing,TRUE,TRUE,TRUE,NA,not in US
Calidris tenuirostris,ANIMALIA,CHORDATA,AVES,CHARADRIIFORMES,SCOLOPACIDAE,Calidris,Great Knot,Decreasing,TRUE,FALSE,TRUE,NA,not in US
Carcharhinus brevipinna,ANIMALIA,CHORDATA,CHONDRICHTHYES,CARCHARHINIFORMES,CARCHARHINIDAE,Carcharhinus,Spinner Shark,Unknown,TRUE,FALSE,FALSE,florida,
Carcharhinus brevipinna,ANIMALIA,CHORDATA,CHONDRICHTHYES,CARCHARHINIFORMES,CARCHARHINIDAE,Carcharhinus,Spinner Shark,Unknown,TRUE,FALSE,FALSE,Louisiana,
Carcharhinus longimanus,ANIMALIA,CHORDATA,CHONDRICHTHYES,CARCHARHINIFORMES,CARCHARHINIDAE,Carcharhinus,Oceanic Whitetip Shark,Decreasing,TRUE,FALSE,FALSE,virginia,
Carcharhinus longimanus,ANIMALIA,CHORDATA,CHONDRICHTHYES,CARCHARHINIFORMES,CARCHARHINIDAE,Carcharhinus,Oceanic Whitetip Shark,Decreasing,TRUE,FALSE,FALSE,texas,
Carcharhinus longimanus,ANIMALIA,CHORDATA,CHONDRICHTHYES,CARCHARHINIFORMES,CARCHARHINIDAE,Carcharhinus,Oceanic Whitetip Shark,Decreasing,TRUE,FALSE,FALSE,south carolina,
Carcharhinus longimanus,ANIMALIA,CHORDATA,CHONDRICHTHYES,CARCHARHINIFORMES,CARCHARHINIDAE,Carcharhinus,Oceanic Whitetip Shark,Decreasing,TRUE,FALSE,FALSE,rhode island,
Carcharhinus longimanus,ANIMALIA,CHORDATA,CHONDRICHTHYES,CARCHARHINIFORMES,CARCHARHINIDAE,Carcharhinus,Oceanic Whitetip Shark,Decreasing,TRUE,FALSE,FALSE,north carolina,
Carcharhinus longimanus,ANIMALIA,CHORDATA,CHONDRICHTHYES,CARCHARHINIFORMES,CARCHARHINIDAE,Carcharhinus,Oceanic Whitetip Shark,Decreasing,TRUE,FALSE,FALSE,new york,
Carcharhinus longimanus,ANIMALIA,CHORDATA,CHONDRICHTHYES,CARCHARHINIFORMES,CARCHARHINIDAE,Carcharhinus,Oceanic Whitetip Shark,Decreasing,TRUE,FALSE,FALSE,new jersey,
Carcharhinus longimanus,ANIMALIA,CHORDATA,CHONDRICHTHYES,CARCHARHINIFORMES,CARCHARHINIDAE,Carcharhinus,Oceanic Whitetip Shark,Decreasing,TRUE,FALSE,FALSE,new hampshire,
Carcharhinus longimanus,ANIMALIA,CHORDATA,CHONDRICHTHYES,CARCHARHINIFORMES,CARCHARHINIDAE,Carcharhinus,Oceanic Whitetip Shark,Decreasing,TRUE,FALSE,FALSE,mississippi,
Carcharhinus longimanus,ANIMALIA,CHORDATA,CHONDRICHTHYES,CARCHARHINIFORMES,CARCHARHINIDAE,Carcharhinus,Oceanic Whitetip Shark,Decreasing,TRUE,FALSE,FALSE,massachusetts,
Carcharhinus longimanus,ANIMALIA,CHORDATA,CHONDRICHTHYES,CARCHARHINIFORMES,CARCHARHINIDAE,Carcharhinus,Oceanic Whitetip Shark,Decreasing,TRUE,FALSE,FALSE,maryland,
Carcharhinus longimanus,ANIMALIA,CHORDATA,CHONDRICHTHYES,CARCHARHINIFORMES,CARCHARHINIDAE,Carcharhinus,Oceanic Whitetip Shark,Decreasing,TRUE,FALSE,FALSE,maine,
Carcharhinus longimanus,ANIMALIA,CHORDATA,CHONDRICHTHYES,CARCHARHINIFORMES,CARCHARHINIDAE,Carcharhinus,Oceanic Whitetip Shark,Decreasing,TRUE,FALSE,FALSE,Louisiana,
Carcharhinus longimanus,ANIMALIA,CHORDATA,CHONDRICHTHYES,CARCHARHINIFORMES,CARCHARHINIDAE,Carcharhinus,Oceanic Whitetip Shark,Decreasing,TRUE,FALSE,FALSE,hawaii,
Carcharhinus longimanus,ANIMALIA,CHORDATA,CHONDRICHTHYES,CARCHARHINIFORMES,CARCHARHINIDAE,Carcharhinus,Oceanic Whitetip Shark,Decreasing,TRUE,FALSE,FALSE,georgia,
Carcharhinus longimanus,ANIMALIA,CHORDATA,CHONDRICHTHYES,CARCHARHINIFORMES,CARCHARHINIDAE,Carcharhinus,Oceanic Whitetip Shark,Decreasing,TRUE,FALSE,FALSE,florida,
Carcharhinus longimanus,ANIMALIA,CHORDATA,CHONDRICHTHYES,CARCHARHINIFORMES,CARCHARHINIDAE,Carcharhinus,Oceanic Whitetip Shark,Decreasing,TRUE,FALSE,FALSE,district of columbia,
Carcharhinus longimanus,ANIMALIA,CHORDATA,CHONDRICHTHYES,CARCHARHINIFORMES,CARCHARHINIDAE,Carcharhinus,Oceanic Whitetip Shark,Decreasing,TRUE,FALSE,FALSE,delaware,
Carcharhinus longimanus,ANIMALIA,CHORDATA,CHONDRICHTHYES,CARCHARHINIFORMES,CARCHARHINIDAE,Carcharhinus,Oceanic Whitetip Shark,Decreasing,TRUE,FALSE,FALSE,connecticut,
Carcharhinus longimanus,ANIMALIA,CHORDATA,CHONDRICHTHYES,CARCHARHINIFORMES,CARCHARHINIDAE,Carcharhinus,Oceanic Whitetip Shark,Decreasing,TRUE,FALSE,FALSE,california,
Carcharhinus longimanus,ANIMALIA,CHORDATA,CHONDRICHTHYES,CARCHARHINIFORMES,CARCHARHINIDAE,Carcharhinus,Oceanic Whitetip Shark,Decreasing,TRUE,FALSE,FALSE,alabama,
Coryphaenoides rupestris,ANIMALIA,CHORDATA,ACTINOPTERYGII,GADIFORMES,MACROURIDAE,Coryphaenoides,Roundnose Grenadier,Unknown,TRUE,FALSE,FALSE,NA,"deep benthic, not on coast"
Coryphopterus alloides,ANIMALIA,CHORDATA,ACTINOPTERYGII,PERCIFORMES,GOBIIDAE,Coryphopterus,Barfin Goby,Unknown,TRUE,FALSE,FALSE,florida,
Coryphopterus hyalinus,ANIMALIA,CHORDATA,ACTINOPTERYGII,PERCIFORMES,GOBIIDAE,Coryphopterus,Glass Goby,Unknown,TRUE,FALSE,FALSE,florida,
Coryphopterus lipernes,ANIMALIA,CHORDATA,ACTINOPTERYGII,PERCIFORMES,GOBIIDAE,Coryphopterus,Peppermint Goby,Unknown,TRUE,FALSE,FALSE,florida,
Coryphopterus tortugae,ANIMALIA,CHORDATA,ACTINOPTERYGII,PERCIFORMES,GOBIIDAE,Coryphopterus,Patch-reef Goby,Unknown,TRUE,FALSE,FALSE,florida,
Diomedea exulans,ANIMALIA,CHORDATA,AVES,PROCELLARIIFORMES,DIOMEDEIDAE,Diomedea,Wandering Albatross,Decreasing,TRUE,FALSE,TRUE,NA,not in US
Diplobatis ommata,ANIMALIA,CHORDATA,CHONDRICHTHYES,RAJIFORMES,NARCINIDAE,Diplobatis,Pacific Dwarf Numbfish,Unknown,TRUE,FALSE,FALSE,NA,not in US
Egretta eulophotes,ANIMALIA,CHORDATA,AVES,PELECANIFORMES,ARDEIDAE,Egretta,Chinese Egret,Decreasing,TRUE,TRUE,TRUE,NA,not in US
Emberiza aureola,ANIMALIA,CHORDATA,AVES,PASSERIFORMES,EMBERIZIDAE,Emberiza,Yellow-breasted Bunting,Decreasing,FALSE,TRUE,TRUE,NA,not in US
Galeorhinus galeus,ANIMALIA,CHORDATA,CHONDRICHTHYES,CARCHARHINIFORMES,TRIAKIDAE,Galeorhinus,Tope,Decreasing,TRUE,FALSE,FALSE,california,
Galeorhinus galeus,ANIMALIA,CHORDATA,CHONDRICHTHYES,CARCHARHINIFORMES,TRIAKIDAE,Galeorhinus,Tope,Decreasing,TRUE,FALSE,FALSE,hawaii,
Gymnura altavela,ANIMALIA,CHORDATA,CHONDRICHTHYES,RAJIFORMES,GYMNURIDAE,Gymnura,Spiny Butterfly Ray,Decreasing,TRUE,FALSE,FALSE,massachusetts,
Gymnura altavela,ANIMALIA,CHORDATA,CHONDRICHTHYES,RAJIFORMES,GYMNURIDAE,Gymnura,Spiny Butterfly Ray,Decreasing,TRUE,FALSE,FALSE,rhode island,
Gymnura altavela,ANIMALIA,CHORDATA,CHONDRICHTHYES,RAJIFORMES,GYMNURIDAE,Gymnura,Spiny Butterfly Ray,Decreasing,TRUE,FALSE,FALSE,connecticut,
Gymnura altavela,ANIMALIA,CHORDATA,CHONDRICHTHYES,RAJIFORMES,GYMNURIDAE,Gymnura,Spiny Butterfly Ray,Decreasing,TRUE,FALSE,FALSE,new york,
Gymnura altavela,ANIMALIA,CHORDATA,CHONDRICHTHYES,RAJIFORMES,GYMNURIDAE,Gymnura,Spiny Butterfly Ray,Decreasing,TRUE,FALSE,FALSE,new jersey,
Gymnura altavela,ANIMALIA,CHORDATA,CHONDRICHTHYES,RAJIFORMES,GYMNURIDAE,Gymnura,Spiny Butterfly Ray,Decreasing,TRUE,FALSE,FALSE,delaware,
Gymnura altavela,ANIMALIA,CHORDATA,CHONDRICHTHYES,RAJIFORMES,GYMNURIDAE,Gymnura,Spiny Butterfly Ray,Decreasing,TRUE,FALSE,FALSE,maryland,
Gymnura altavela,ANIMALIA,CHORDATA,CHONDRICHTHYES,RAJIFORMES,GYMNURIDAE,Gymnura,Spiny Butterfly Ray,Decreasing,TRUE,FALSE,FALSE,virginia,
Gymnura altavela,ANIMALIA,CHORDATA,CHONDRICHTHYES,RAJIFORMES,GYMNURIDAE,Gymnura,Spiny Butterfly Ray,Decreasing,TRUE,FALSE,FALSE,north carolina,
Gymnura altavela,ANIMALIA,CHORDATA,CHONDRICHTHYES,RAJIFORMES,GYMNURIDAE,Gymnura,Spiny Butterfly Ray,Decreasing,TRUE,FALSE,FALSE,south carolina,
Gymnura altavela,ANIMALIA,CHORDATA,CHONDRICHTHYES,RAJIFORMES,GYMNURIDAE,Gymnura,Spiny Butterfly Ray,Decreasing,TRUE,FALSE,FALSE,georgia,
Gymnura altavela,ANIMALIA,CHORDATA,CHONDRICHTHYES,RAJIFORMES,GYMNURIDAE,Gymnura,Spiny Butterfly Ray,Decreasing,TRUE,FALSE,FALSE,florida,
Haliaeetus pelagicus,ANIMALIA,CHORDATA,AVES,ACCIPITRIFORMES,ACCIPITRIDAE,Haliaeetus,Steller's Sea-eagle,Decreasing,TRUE,TRUE,TRUE,NA,not in US
Halichoeres burekae,ANIMALIA,CHORDATA,ACTINOPTERYGII,PERCIFORMES,LABRIDAE,Halichoeres,Mardi Gras Wrasse,Unknown,TRUE,FALSE,FALSE,NA,only in middle of gulf
Holothuria nobilis,ANIMALIA,ECHINODERMATA,HOLOTHUROIDEA,ASPIDOCHIROTIDA,HOLOTHURIIDAE,Holothuria,Black Teatfish,NA,TRUE,FALSE,FALSE,NA,not in US
Hydrobates socorroensis,ANIMALIA,CHORDATA,AVES,PROCELLARIIFORMES,HYDROBATIDAE,Hydrobates,Townsend's Storm-petrel,Decreasing,TRUE,FALSE,TRUE,NA,not in US
Hyporthodus flavolimbatus,ANIMALIA,CHORDATA,ACTINOPTERYGII,PERCIFORMES,EPINEPHELIDAE,Hyporthodus,Yellowedge Grouper,Decreasing,TRUE,FALSE,FALSE,north carolina,
Hyporthodus flavolimbatus,ANIMALIA,CHORDATA,ACTINOPTERYGII,PERCIFORMES,EPINEPHELIDAE,Hyporthodus,Yellowedge Grouper,Decreasing,TRUE,FALSE,FALSE,south carolina,
Hyporthodus flavolimbatus,ANIMALIA,CHORDATA,ACTINOPTERYGII,PERCIFORMES,EPINEPHELIDAE,Hyporthodus,Yellowedge Grouper,Decreasing,TRUE,FALSE,FALSE,georgia,
Hyporthodus flavolimbatus,ANIMALIA,CHORDATA,ACTINOPTERYGII,PERCIFORMES,EPINEPHELIDAE,Hyporthodus,Yellowedge Grouper,Decreasing,TRUE,FALSE,FALSE,florida,
Hyporthodus flavolimbatus,ANIMALIA,CHORDATA,ACTINOPTERYGII,PERCIFORMES,EPINEPHELIDAE,Hyporthodus,Yellowedge Grouper,Decreasing,TRUE,FALSE,FALSE,alabama,
Hyporthodus flavolimbatus,ANIMALIA,CHORDATA,ACTINOPTERYGII,PERCIFORMES,EPINEPHELIDAE,Hyporthodus,Yellowedge Grouper,Decreasing,TRUE,FALSE,FALSE,mississippi,
Hyporthodus flavolimbatus,ANIMALIA,CHORDATA,ACTINOPTERYGII,PERCIFORMES,EPINEPHELIDAE,Hyporthodus,Yellowedge Grouper,Decreasing,TRUE,FALSE,FALSE,Louisiana,
Hyporthodus flavolimbatus,ANIMALIA,CHORDATA,ACTINOPTERYGII,PERCIFORMES,EPINEPHELIDAE,Hyporthodus,Yellowedge Grouper,Decreasing,TRUE,FALSE,FALSE,texas,
Isurus oxyrinchus,ANIMALIA,CHORDATA,CHONDRICHTHYES,LAMNIFORMES,LAMNIDAE,Isurus,Shortfin Mako,Decreasing,TRUE,FALSE,FALSE,maine,
Isurus oxyrinchus,ANIMALIA,CHORDATA,CHONDRICHTHYES,LAMNIFORMES,LAMNIDAE,Isurus,Shortfin Mako,Decreasing,TRUE,FALSE,FALSE,new hampshire,
Isurus oxyrinchus,ANIMALIA,CHORDATA,CHONDRICHTHYES,LAMNIFORMES,LAMNIDAE,Isurus,Shortfin Mako,Decreasing,TRUE,FALSE,FALSE,massachusetts,
Isurus oxyrinchus,ANIMALIA,CHORDATA,CHONDRICHTHYES,LAMNIFORMES,LAMNIDAE,Isurus,Shortfin Mako,Decreasing,TRUE,FALSE,FALSE,rhode island,
Isurus oxyrinchus,ANIMALIA,CHORDATA,CHONDRICHTHYES,LAMNIFORMES,LAMNIDAE,Isurus,Shortfin Mako,Decreasing,TRUE,FALSE,FALSE,connecticut,
Isurus oxyrinchus,ANIMALIA,CHORDATA,CHONDRICHTHYES,LAMNIFORMES,LAMNIDAE,Isurus,Shortfin Mako,Decreasing,TRUE,FALSE,FALSE,new york,
Isurus oxyrinchus,ANIMALIA,CHORDATA,CHONDRICHTHYES,LAMNIFORMES,LAMNIDAE,Isurus,Shortfin Mako,Decreasing,TRUE,FALSE,FALSE,new jersey,
Isurus oxyrinchus,ANIMALIA,CHORDATA,CHONDRICHTHYES,LAMNIFORMES,LAMNIDAE,Isurus,Shortfin Mako,Decreasing,TRUE,FALSE,FALSE,delaware,
Isurus oxyrinchus,ANIMALIA,CHORDATA,CHONDRICHTHYES,LAMNIFORMES,LAMNIDAE,Isurus,Shortfin Mako,Decreasing,TRUE,FALSE,FALSE,maryland,
Isurus oxyrinchus,ANIMALIA,CHORDATA,CHONDRICHTHYES,LAMNIFORMES,LAMNIDAE,Isurus,Shortfin Mako,Decreasing,TRUE,FALSE,FALSE,virginia,
Isurus oxyrinchus,ANIMALIA,CHORDATA,CHONDRICHTHYES,LAMNIFORMES,LAMNIDAE,Isurus,Shortfin Mako,Decreasing,TRUE,FALSE,FALSE,north carolina,
Isurus oxyrinchus,ANIMALIA,CHORDATA,CHONDRICHTHYES,LAMNIFORMES,LAMNIDAE,Isurus,Shortfin Mako,Decreasing,TRUE,FALSE,FALSE,south carolina,
Isurus oxyrinchus,ANIMALIA,CHORDATA,CHONDRICHTHYES,LAMNIFORMES,LAMNIDAE,Isurus,Shortfin Mako,Decreasing,TRUE,FALSE,FALSE,georgia,
Isurus oxyrinchus,ANIMALIA,CHORDATA,CHONDRICHTHYES,LAMNIFORMES,LAMNIDAE,Isurus,Shortfin Mako,Decreasing,TRUE,FALSE,FALSE,florida,
Isurus oxyrinchus,ANIMALIA,CHORDATA,CHONDRICHTHYES,LAMNIFORMES,LAMNIDAE,Isurus,Shortfin Mako,Decreasing,TRUE,FALSE,FALSE,alabama,
Isurus oxyrinchus,ANIMALIA,CHORDATA,CHONDRICHTHYES,LAMNIFORMES,LAMNIDAE,Isurus,Shortfin Mako,Decreasing,TRUE,FALSE,FALSE,mississippi,
Isurus oxyrinchus,ANIMALIA,CHORDATA,CHONDRICHTHYES,LAMNIFORMES,LAMNIDAE,Isurus,Shortfin Mako,Decreasing,TRUE,FALSE,FALSE,Louisiana,
Isurus oxyrinchus,ANIMALIA,CHORDATA,CHONDRICHTHYES,LAMNIFORMES,LAMNIDAE,Isurus,Shortfin Mako,Decreasing,TRUE,FALSE,FALSE,texas,
Isurus oxyrinchus,ANIMALIA,CHORDATA,CHONDRICHTHYES,LAMNIFORMES,LAMNIDAE,Isurus,Shortfin Mako,Decreasing,TRUE,FALSE,FALSE,california,
Isurus oxyrinchus,ANIMALIA,CHORDATA,CHONDRICHTHYES,LAMNIFORMES,LAMNIDAE,Isurus,Shortfin Mako,Decreasing,TRUE,FALSE,FALSE,oregon,
Isurus oxyrinchus,ANIMALIA,CHORDATA,CHONDRICHTHYES,LAMNIFORMES,LAMNIDAE,Isurus,Shortfin Mako,Decreasing,TRUE,FALSE,FALSE,washington,
Lachnolaimus maximus,ANIMALIA,CHORDATA,ACTINOPTERYGII,PERCIFORMES,LABRIDAE,Lachnolaimus,Hogfish,Decreasing,TRUE,FALSE,FALSE,north carolina,
Lachnolaimus maximus,ANIMALIA,CHORDATA,ACTINOPTERYGII,PERCIFORMES,LABRIDAE,Lachnolaimus,Hogfish,Decreasing,TRUE,FALSE,FALSE,south carolina,
Lachnolaimus maximus,ANIMALIA,CHORDATA,ACTINOPTERYGII,PERCIFORMES,LABRIDAE,Lachnolaimus,Hogfish,Decreasing,TRUE,FALSE,FALSE,georgia,
Lachnolaimus maximus,ANIMALIA,CHORDATA,ACTINOPTERYGII,PERCIFORMES,LABRIDAE,Lachnolaimus,Hogfish,Decreasing,TRUE,FALSE,FALSE,florida,
Lachnolaimus maximus,ANIMALIA,CHORDATA,ACTINOPTERYGII,PERCIFORMES,LABRIDAE,Lachnolaimus,Hogfish,Decreasing,TRUE,FALSE,FALSE,alabama,
Lachnolaimus maximus,ANIMALIA,CHORDATA,ACTINOPTERYGII,PERCIFORMES,LABRIDAE,Lachnolaimus,Hogfish,Decreasing,TRUE,FALSE,FALSE,mississippi,
Lachnolaimus maximus,ANIMALIA,CHORDATA,ACTINOPTERYGII,PERCIFORMES,LABRIDAE,Lachnolaimus,Hogfish,Decreasing,TRUE,FALSE,FALSE,Louisiana,
Lachnolaimus maximus,ANIMALIA,CHORDATA,ACTINOPTERYGII,PERCIFORMES,LABRIDAE,Lachnolaimus,Hogfish,Decreasing,TRUE,FALSE,FALSE,texas,
Leptothorax duloticus,ANIMALIA,ARTHROPODA,INSECTA,HYMENOPTERA,FORMICIDAE,Leptothorax,NA,NA,FALSE,FALSE,TRUE,michigan,
Leptothorax duloticus,ANIMALIA,ARTHROPODA,INSECTA,HYMENOPTERA,FORMICIDAE,Leptothorax,NA,NA,FALSE,FALSE,TRUE,illinois,
Leptothorax duloticus,ANIMALIA,ARTHROPODA,INSECTA,HYMENOPTERA,FORMICIDAE,Leptothorax,NA,NA,FALSE,FALSE,TRUE,indiana,
Leptothorax duloticus,ANIMALIA,ARTHROPODA,INSECTA,HYMENOPTERA,FORMICIDAE,Leptothorax,NA,NA,FALSE,FALSE,TRUE,ohio,
Leptothorax duloticus,ANIMALIA,ARTHROPODA,INSECTA,HYMENOPTERA,FORMICIDAE,Leptothorax,NA,NA,FALSE,FALSE,TRUE,new york,
Lutjanus campechanus,ANIMALIA,CHORDATA,ACTINOPTERYGII,PERCIFORMES,LUTJANIDAE,Lutjanus,Red Snapper,Decreasing,TRUE,FALSE,FALSE,north carolina,
Lutjanus campechanus,ANIMALIA,CHORDATA,ACTINOPTERYGII,PERCIFORMES,LUTJANIDAE,Lutjanus,Red Snapper,Decreasing,TRUE,FALSE,FALSE,south carolina,
Lutjanus campechanus,ANIMALIA,CHORDATA,ACTINOPTERYGII,PERCIFORMES,LUTJANIDAE,Lutjanus,Red Snapper,Decreasing,TRUE,FALSE,FALSE,georgia,
Lutjanus campechanus,ANIMALIA,CHORDATA,ACTINOPTERYGII,PERCIFORMES,LUTJANIDAE,Lutjanus,Red Snapper,Decreasing,TRUE,FALSE,FALSE,florida,
Lutjanus campechanus,ANIMALIA,CHORDATA,ACTINOPTERYGII,PERCIFORMES,LUTJANIDAE,Lutjanus,Red Snapper,Decreasing,TRUE,FALSE,FALSE,alabama,
Lutjanus campechanus,ANIMALIA,CHORDATA,ACTINOPTERYGII,PERCIFORMES,LUTJANIDAE,Lutjanus,Red Snapper,Decreasing,TRUE,FALSE,FALSE,mississippi,
Lutjanus campechanus,ANIMALIA,CHORDATA,ACTINOPTERYGII,PERCIFORMES,LUTJANIDAE,Lutjanus,Red Snapper,Decreasing,TRUE,FALSE,FALSE,Louisiana,
Lutjanus campechanus,ANIMALIA,CHORDATA,ACTINOPTERYGII,PERCIFORMES,LUTJANIDAE,Lutjanus,Red Snapper,Decreasing,TRUE,FALSE,FALSE,texas,
Lutjanus cyanopterus,ANIMALIA,CHORDATA,ACTINOPTERYGII,PERCIFORMES,LUTJANIDAE,Lutjanus,Cubera Snapper,Decreasing,TRUE,FALSE,FALSE,maine,
Lutjanus cyanopterus,ANIMALIA,CHORDATA,ACTINOPTERYGII,PERCIFORMES,LUTJANIDAE,Lutjanus,Cubera Snapper,Decreasing,TRUE,FALSE,FALSE,new hampshire,
Lutjanus cyanopterus,ANIMALIA,CHORDATA,ACTINOPTERYGII,PERCIFORMES,LUTJANIDAE,Lutjanus,Cubera Snapper,Decreasing,TRUE,FALSE,FALSE,massachusetts,
Lutjanus cyanopterus,ANIMALIA,CHORDATA,ACTINOPTERYGII,PERCIFORMES,LUTJANIDAE,Lutjanus,Cubera Snapper,Decreasing,TRUE,FALSE,FALSE,connecticut,
Lutjanus cyanopterus,ANIMALIA,CHORDATA,ACTINOPTERYGII,PERCIFORMES,LUTJANIDAE,Lutjanus,Cubera Snapper,Decreasing,TRUE,FALSE,FALSE,rhode island,
Lutjanus cyanopterus,ANIMALIA,CHORDATA,ACTINOPTERYGII,PERCIFORMES,LUTJANIDAE,Lutjanus,Cubera Snapper,Decreasing,TRUE,FALSE,FALSE,new york,
Lutjanus cyanopterus,ANIMALIA,CHORDATA,ACTINOPTERYGII,PERCIFORMES,LUTJANIDAE,Lutjanus,Cubera Snapper,Decreasing,TRUE,FALSE,FALSE,new jersey,
Lutjanus cyanopterus,ANIMALIA,CHORDATA,ACTINOPTERYGII,PERCIFORMES,LUTJANIDAE,Lutjanus,Cubera Snapper,Decreasing,TRUE,FALSE,FALSE,delaware,
Lutjanus cyanopterus,ANIMALIA,CHORDATA,ACTINOPTERYGII,PERCIFORMES,LUTJANIDAE,Lutjanus,Cubera Snapper,Decreasing,TRUE,FALSE,FALSE,maryland,
Lutjanus cyanopterus,ANIMALIA,CHORDATA,ACTINOPTERYGII,PERCIFORMES,LUTJANIDAE,Lutjanus,Cubera Snapper,Decreasing,TRUE,FALSE,FALSE,virginia,
Lutjanus cyanopterus,ANIMALIA,CHORDATA,ACTINOPTERYGII,PERCIFORMES,LUTJANIDAE,Lutjanus,Cubera Snapper,Decreasing,TRUE,FALSE,FALSE,north carolina,
Lutjanus cyanopterus,ANIMALIA,CHORDATA,ACTINOPTERYGII,PERCIFORMES,LUTJANIDAE,Lutjanus,Cubera Snapper,Decreasing,TRUE,FALSE,FALSE,south carolina,
Lutjanus cyanopterus,ANIMALIA,CHORDATA,ACTINOPTERYGII,PERCIFORMES,LUTJANIDAE,Lutjanus,Cubera Snapper,Decreasing,TRUE,FALSE,FALSE,georgia,
Lutjanus cyanopterus,ANIMALIA,CHORDATA,ACTINOPTERYGII,PERCIFORMES,LUTJANIDAE,Lutjanus,Cubera Snapper,Decreasing,TRUE,FALSE,FALSE,florida,
Lutjanus cyanopterus,ANIMALIA,CHORDATA,ACTINOPTERYGII,PERCIFORMES,LUTJANIDAE,Lutjanus,Cubera Snapper,Decreasing,TRUE,FALSE,FALSE,Louisiana,
Lutjanus cyanopterus,ANIMALIA,CHORDATA,ACTINOPTERYGII,PERCIFORMES,LUTJANIDAE,Lutjanus,Cubera Snapper,Decreasing,TRUE,FALSE,FALSE,alabama,
Lutjanus cyanopterus,ANIMALIA,CHORDATA,ACTINOPTERYGII,PERCIFORMES,LUTJANIDAE,Lutjanus,Cubera Snapper,Decreasing,TRUE,FALSE,FALSE,mississippi,
Lutjanus cyanopterus,ANIMALIA,CHORDATA,ACTINOPTERYGII,PERCIFORMES,LUTJANIDAE,Lutjanus,Cubera Snapper,Decreasing,TRUE,FALSE,FALSE,texas,
Mobula alfredi,ANIMALIA,CHORDATA,CHONDRICHTHYES,RAJIFORMES,MOBULIDAE,Mobula,Reef Manta Ray,Decreasing,TRUE,FALSE,FALSE,hawaii,
Mobula birostris,ANIMALIA,CHORDATA,CHONDRICHTHYES,RAJIFORMES,MOBULIDAE,Mobula,Giant Manta Ray,Decreasing,TRUE,FALSE,FALSE,texas,
Mobula birostris,ANIMALIA,CHORDATA,CHONDRICHTHYES,RAJIFORMES,MOBULIDAE,Mobula,Giant Manta Ray,Decreasing,TRUE,FALSE,FALSE,south carolina,
Mobula birostris,ANIMALIA,CHORDATA,CHONDRICHTHYES,RAJIFORMES,MOBULIDAE,Mobula,Giant Manta Ray,Decreasing,TRUE,FALSE,FALSE,north carolina,
Mobula birostris,ANIMALIA,CHORDATA,CHONDRICHTHYES,RAJIFORMES,MOBULIDAE,Mobula,Giant Manta Ray,Decreasing,TRUE,FALSE,FALSE,new jersey,
Mobula birostris,ANIMALIA,CHORDATA,CHONDRICHTHYES,RAJIFORMES,MOBULIDAE,Mobula,Giant Manta Ray,Decreasing,TRUE,FALSE,FALSE,mississippi,
Mobula birostris,ANIMALIA,CHORDATA,CHONDRICHTHYES,RAJIFORMES,MOBULIDAE,Mobula,Giant Manta Ray,Decreasing,TRUE,FALSE,FALSE,maryland,
Mobula birostris,ANIMALIA,CHORDATA,CHONDRICHTHYES,RAJIFORMES,MOBULIDAE,Mobula,Giant Manta Ray,Decreasing,TRUE,FALSE,FALSE,Louisiana,
Mobula birostris,ANIMALIA,CHORDATA,CHONDRICHTHYES,RAJIFORMES,MOBULIDAE,Mobula,Giant Manta Ray,Decreasing,TRUE,FALSE,FALSE,hawaii,
Mobula birostris,ANIMALIA,CHORDATA,CHONDRICHTHYES,RAJIFORMES,MOBULIDAE,Mobula,Giant Manta Ray,Decreasing,TRUE,FALSE,FALSE,georgia,
Mobula birostris,ANIMALIA,CHORDATA,CHONDRICHTHYES,RAJIFORMES,MOBULIDAE,Mobula,Giant Manta Ray,Decreasing,TRUE,FALSE,FALSE,florida,
Mobula birostris,ANIMALIA,CHORDATA,CHONDRICHTHYES,RAJIFORMES,MOBULIDAE,Mobula,Giant Manta Ray,Decreasing,TRUE,FALSE,FALSE,delaware,
Mobula birostris,ANIMALIA,CHORDATA,CHONDRICHTHYES,RAJIFORMES,MOBULIDAE,Mobula,Giant Manta Ray,Decreasing,TRUE,FALSE,FALSE,california,
Mobula birostris,ANIMALIA,CHORDATA,CHONDRICHTHYES,RAJIFORMES,MOBULIDAE,Mobula,Giant Manta Ray,Decreasing,TRUE,FALSE,FALSE,arkansas,
Mobula birostris,ANIMALIA,CHORDATA,CHONDRICHTHYES,RAJIFORMES,MOBULIDAE,Mobula,Giant Manta Ray,Decreasing,TRUE,FALSE,FALSE,alabama,
Mobula birostris,ANIMALIA,CHORDATA,CHONDRICHTHYES,RAJIFORMES,MOBULIDAE,Mobula,Giant Manta Ray,Decreasing,TRUE,FALSE,FALSE,virginia,
Mycteroperca interstitialis,ANIMALIA,CHORDATA,ACTINOPTERYGII,PERCIFORMES,EPINEPHELIDAE,Mycteroperca,Yellowmouth Grouper,Decreasing,TRUE,FALSE,FALSE,north carolina,
Mycteroperca interstitialis,ANIMALIA,CHORDATA,ACTINOPTERYGII,PERCIFORMES,EPINEPHELIDAE,Mycteroperca,Yellowmouth Grouper,Decreasing,TRUE,FALSE,FALSE,south carolina,
Mycteroperca interstitialis,ANIMALIA,CHORDATA,ACTINOPTERYGII,PERCIFORMES,EPINEPHELIDAE,Mycteroperca,Yellowmouth Grouper,Decreasing,TRUE,FALSE,FALSE,georgia,
Mycteroperca interstitialis,ANIMALIA,CHORDATA,ACTINOPTERYGII,PERCIFORMES,EPINEPHELIDAE,Mycteroperca,Yellowmouth Grouper,Decreasing,TRUE,FALSE,FALSE,florida,
Mycteroperca interstitialis,ANIMALIA,CHORDATA,ACTINOPTERYGII,PERCIFORMES,EPINEPHELIDAE,Mycteroperca,Yellowmouth Grouper,Decreasing,TRUE,FALSE,FALSE,alabama,
Mycteroperca interstitialis,ANIMALIA,CHORDATA,ACTINOPTERYGII,PERCIFORMES,EPINEPHELIDAE,Mycteroperca,Yellowmouth Grouper,Decreasing,TRUE,FALSE,FALSE,texas,
Mycteroperca jordani,ANIMALIA,CHORDATA,ACTINOPTERYGII,PERCIFORMES,EPINEPHELIDAE,Mycteroperca,Gulf Grouper,Decreasing,TRUE,FALSE,FALSE,NA,not in US
Narcine bancroftii,ANIMALIA,CHORDATA,CHONDRICHTHYES,RAJIFORMES,NARCINIDAE,Narcine,Caribbean Numbfish,Stable,TRUE,FALSE,FALSE,north carolina,
Narcine bancroftii,ANIMALIA,CHORDATA,CHONDRICHTHYES,RAJIFORMES,NARCINIDAE,Narcine,Caribbean Numbfish,Stable,TRUE,FALSE,FALSE,south carolina,
Narcine bancroftii,ANIMALIA,CHORDATA,CHONDRICHTHYES,RAJIFORMES,NARCINIDAE,Narcine,Caribbean Numbfish,Stable,TRUE,FALSE,FALSE,georgia,
Narcine bancroftii,ANIMALIA,CHORDATA,CHONDRICHTHYES,RAJIFORMES,NARCINIDAE,Narcine,Caribbean Numbfish,Stable,TRUE,FALSE,FALSE,florida,
Narcine bancroftii,ANIMALIA,CHORDATA,CHONDRICHTHYES,RAJIFORMES,NARCINIDAE,Narcine,Caribbean Numbfish,Stable,TRUE,FALSE,FALSE,alabama,
Narcine bancroftii,ANIMALIA,CHORDATA,CHONDRICHTHYES,RAJIFORMES,NARCINIDAE,Narcine,Caribbean Numbfish,Stable,TRUE,FALSE,FALSE,mississippi,
Narcine bancroftii,ANIMALIA,CHORDATA,CHONDRICHTHYES,RAJIFORMES,NARCINIDAE,Narcine,Caribbean Numbfish,Stable,TRUE,FALSE,FALSE,Louisiana,
Narcine bancroftii,ANIMALIA,CHORDATA,CHONDRICHTHYES,RAJIFORMES,NARCINIDAE,Narcine,Caribbean Numbfish,Stable,TRUE,FALSE,FALSE,texas,
Nematostella vectensis,ANIMALIA,CNIDARIA,ANTHOZOA,ACTINARIA,EDWARDSIIDAE,Nematostella,Starlet Sea Anemone,NA,TRUE,FALSE,FALSE,maine,
Nematostella vectensis,ANIMALIA,CNIDARIA,ANTHOZOA,ACTINARIA,EDWARDSIIDAE,Nematostella,Starlet Sea Anemone,NA,TRUE,FALSE,FALSE,new hampshire,
Nematostella vectensis,ANIMALIA,CNIDARIA,ANTHOZOA,ACTINARIA,EDWARDSIIDAE,Nematostella,Starlet Sea Anemone,NA,TRUE,FALSE,FALSE,massachusetts,
Nematostella vectensis,ANIMALIA,CNIDARIA,ANTHOZOA,ACTINARIA,EDWARDSIIDAE,Nematostella,Starlet Sea Anemone,NA,TRUE,FALSE,FALSE,rhode island,
Nematostella vectensis,ANIMALIA,CNIDARIA,ANTHOZOA,ACTINARIA,EDWARDSIIDAE,Nematostella,Starlet Sea Anemone,NA,TRUE,FALSE,FALSE,connecticut,
Nematostella vectensis,ANIMALIA,CNIDARIA,ANTHOZOA,ACTINARIA,EDWARDSIIDAE,Nematostella,Starlet Sea Anemone,NA,TRUE,FALSE,FALSE,new york,
Nematostella vectensis,ANIMALIA,CNIDARIA,ANTHOZOA,ACTINARIA,EDWARDSIIDAE,Nematostella,Starlet Sea Anemone,NA,TRUE,FALSE,FALSE,new jersey,
Nematostella vectensis,ANIMALIA,CNIDARIA,ANTHOZOA,ACTINARIA,EDWARDSIIDAE,Nematostella,Starlet Sea Anemone,NA,TRUE,FALSE,FALSE,delaware,
Nematostella vectensis,ANIMALIA,CNIDARIA,ANTHOZOA,ACTINARIA,EDWARDSIIDAE,Nematostella,Starlet Sea Anemone,NA,TRUE,FALSE,FALSE,maryland,
Nematostella vectensis,ANIMALIA,CNIDARIA,ANTHOZOA,ACTINARIA,EDWARDSIIDAE,Nematostella,Starlet Sea Anemone,NA,TRUE,FALSE,FALSE,virginia,
Nematostella vectensis,ANIMALIA,CNIDARIA,ANTHOZOA,ACTINARIA,EDWARDSIIDAE,Nematostella,Starlet Sea Anemone,NA,TRUE,FALSE,FALSE,north carolina,
Nematostella vectensis,ANIMALIA,CNIDARIA,ANTHOZOA,ACTINARIA,EDWARDSIIDAE,Nematostella,Starlet Sea Anemone,NA,TRUE,FALSE,FALSE,south carolina,
Nematostella vectensis,ANIMALIA,CNIDARIA,ANTHOZOA,ACTINARIA,EDWARDSIIDAE,Nematostella,Starlet Sea Anemone,NA,TRUE,FALSE,FALSE,georgia,
Nematostella vectensis,ANIMALIA,CNIDARIA,ANTHOZOA,ACTINARIA,EDWARDSIIDAE,Nematostella,Starlet Sea Anemone,NA,TRUE,FALSE,FALSE,florida,
Nematostella vectensis,ANIMALIA,CNIDARIA,ANTHOZOA,ACTINARIA,EDWARDSIIDAE,Nematostella,Starlet Sea Anemone,NA,TRUE,FALSE,FALSE,alabama,
Nematostella vectensis,ANIMALIA,CNIDARIA,ANTHOZOA,ACTINARIA,EDWARDSIIDAE,Nematostella,Starlet Sea Anemone,NA,TRUE,FALSE,FALSE,mississippi,
Nematostella vectensis,ANIMALIA,CNIDARIA,ANTHOZOA,ACTINARIA,EDWARDSIIDAE,Nematostella,Starlet Sea Anemone,NA,TRUE,FALSE,FALSE,Louisiana,
Nematostella vectensis,ANIMALIA,CNIDARIA,ANTHOZOA,ACTINARIA,EDWARDSIIDAE,Nematostella,Starlet Sea Anemone,NA,TRUE,FALSE,FALSE,washington,
Nematostella vectensis,ANIMALIA,CNIDARIA,ANTHOZOA,ACTINARIA,EDWARDSIIDAE,Nematostella,Starlet Sea Anemone,NA,TRUE,FALSE,FALSE,oregon,
Nematostella vectensis,ANIMALIA,CNIDARIA,ANTHOZOA,ACTINARIA,EDWARDSIIDAE,Nematostella,Starlet Sea Anemone,NA,TRUE,FALSE,FALSE,california,
Numenius madagascariensis,ANIMALIA,CHORDATA,AVES,CHARADRIIFORMES,SCOLOPACIDAE,Numenius,Far Eastern Curlew,Decreasing,TRUE,TRUE,TRUE,NA,not in US
Odontaspis ferox,ANIMALIA,CHORDATA,CHONDRICHTHYES,LAMNIFORMES,ODONTASPIDIDAE,Odontaspis,Smalltooth Sand Tiger,Decreasing,TRUE,FALSE,FALSE,alabama,
Odontaspis ferox,ANIMALIA,CHORDATA,CHONDRICHTHYES,LAMNIFORMES,ODONTASPIDIDAE,Odontaspis,Smalltooth Sand Tiger,Decreasing,TRUE,FALSE,FALSE,california,
Odontaspis ferox,ANIMALIA,CHORDATA,CHONDRICHTHYES,LAMNIFORMES,ODONTASPIDIDAE,Odontaspis,Smalltooth Sand Tiger,Decreasing,TRUE,FALSE,FALSE,florida,
Odontaspis ferox,ANIMALIA,CHORDATA,CHONDRICHTHYES,LAMNIFORMES,ODONTASPIDIDAE,Odontaspis,Smalltooth Sand Tiger,Decreasing,TRUE,FALSE,FALSE,georgia,
Odontaspis ferox,ANIMALIA,CHORDATA,CHONDRICHTHYES,LAMNIFORMES,ODONTASPIDIDAE,Odontaspis,Smalltooth Sand Tiger,Decreasing,TRUE,FALSE,FALSE,hawaii,
Odontaspis ferox,ANIMALIA,CHORDATA,CHONDRICHTHYES,LAMNIFORMES,ODONTASPIDIDAE,Odontaspis,Smalltooth Sand Tiger,Decreasing,TRUE,FALSE,FALSE,north carolina,
Odontaspis ferox,ANIMALIA,CHORDATA,CHONDRICHTHYES,LAMNIFORMES,ODONTASPIDIDAE,Odontaspis,Smalltooth Sand Tiger,Decreasing,TRUE,FALSE,FALSE,south carolina,
Porites pukoensis,ANIMALIA,CNIDARIA,ANTHOZOA,SCLERACTINIA,PORITIDAE,Porites,NA,Unknown,TRUE,FALSE,FALSE,hawaii,
Pterodroma cahow,ANIMALIA,CHORDATA,AVES,PROCELLARIIFORMES,PROCELLARIIDAE,Pterodroma,Bermuda Petrel,Increasing,TRUE,FALSE,TRUE,north carolina,
Pterodroma cahow,ANIMALIA,CHORDATA,AVES,PROCELLARIIFORMES,PROCELLARIIDAE,Pterodroma,Bermuda Petrel,Increasing,TRUE,FALSE,TRUE,virginia,
Pterodroma cahow,ANIMALIA,CHORDATA,AVES,PROCELLARIIFORMES,PROCELLARIIDAE,Pterodroma,Bermuda Petrel,Increasing,TRUE,FALSE,TRUE,massachusetts,
Pterodroma cervicalis,ANIMALIA,CHORDATA,AVES,PROCELLARIIFORMES,PROCELLARIIDAE,Pterodroma,White-necked Petrel,Increasing,TRUE,FALSE,TRUE,hawaii,
Pterodroma cookii,ANIMALIA,CHORDATA,AVES,PROCELLARIIFORMES,PROCELLARIIDAE,Pterodroma,Cook's Petrel,Increasing,TRUE,FALSE,TRUE,california,
Pterodroma cookii,ANIMALIA,CHORDATA,AVES,PROCELLARIIFORMES,PROCELLARIIDAE,Pterodroma,Cook's Petrel,Increasing,TRUE,FALSE,TRUE,oregon,
Pterodroma cookii,ANIMALIA,CHORDATA,AVES,PROCELLARIIFORMES,PROCELLARIIDAE,Pterodroma,Cook's Petrel,Increasing,TRUE,FALSE,TRUE,hawaii,
Pterodroma longirostris,ANIMALIA,CHORDATA,AVES,PROCELLARIIFORMES,PROCELLARIIDAE,Pterodroma,Stejneger's Petrel,Decreasing,TRUE,FALSE,TRUE,hawaii,
Pterodroma solandri,ANIMALIA,CHORDATA,AVES,PROCELLARIIFORMES,PROCELLARIIDAE,Pterodroma,Providence Petrel,Increasing,TRUE,FALSE,TRUE,hawaii,
Python bivittatus,ANIMALIA,CHORDATA,REPTILIA,SQUAMATA,PYTHONIDAE,Python,Burmese Python,Decreasing,FALSE,FALSE,TRUE,NA,not in US
Rhomboplites aurorubens,ANIMALIA,CHORDATA,ACTINOPTERYGII,PERCIFORMES,LUTJANIDAE,Rhomboplites,Vermilion Snapper,Decreasing,TRUE,FALSE,FALSE,north carolina,
Rhomboplites aurorubens,ANIMALIA,CHORDATA,ACTINOPTERYGII,PERCIFORMES,LUTJANIDAE,Rhomboplites,Vermilion Snapper,Decreasing,TRUE,FALSE,FALSE,south carolina,
Rhomboplites aurorubens,ANIMALIA,CHORDATA,ACTINOPTERYGII,PERCIFORMES,LUTJANIDAE,Rhomboplites,Vermilion Snapper,Decreasing,TRUE,FALSE,FALSE,georgia,
Rhomboplites aurorubens,ANIMALIA,CHORDATA,ACTINOPTERYGII,PERCIFORMES,LUTJANIDAE,Rhomboplites,Vermilion Snapper,Decreasing,TRUE,FALSE,FALSE,florida,
Rhomboplites aurorubens,ANIMALIA,CHORDATA,ACTINOPTERYGII,PERCIFORMES,LUTJANIDAE,Rhomboplites,Vermilion Snapper,Decreasing,TRUE,FALSE,FALSE,alabama,
Rhomboplites aurorubens,ANIMALIA,CHORDATA,ACTINOPTERYGII,PERCIFORMES,LUTJANIDAE,Rhomboplites,Vermilion Snapper,Decreasing,TRUE,FALSE,FALSE,mississippi,
Rhomboplites aurorubens,ANIMALIA,CHORDATA,ACTINOPTERYGII,PERCIFORMES,LUTJANIDAE,Rhomboplites,Vermilion Snapper,Decreasing,TRUE,FALSE,FALSE,Louisiana,
Rhomboplites aurorubens,ANIMALIA,CHORDATA,ACTINOPTERYGII,PERCIFORMES,LUTJANIDAE,Rhomboplites,Vermilion Snapper,Decreasing,TRUE,FALSE,FALSE,texas,
Scomberomorus concolor,ANIMALIA,CHORDATA,ACTINOPTERYGII,PERCIFORMES,SCOMBRIDAE,Scomberomorus,Monterrey Spanish Mackerel,Decreasing,TRUE,FALSE,FALSE,california,
Sebastes fasciatus,ANIMALIA,CHORDATA,ACTINOPTERYGII,SCORPAENIFORMES,SEBASTIDAE,Sebastes,Redfish,NA,TRUE,FALSE,FALSE,maine,
Sebastes fasciatus,ANIMALIA,CHORDATA,ACTINOPTERYGII,SCORPAENIFORMES,SEBASTIDAE,Sebastes,Redfish,NA,TRUE,FALSE,FALSE,new hampshire,
Sebastes fasciatus,ANIMALIA,CHORDATA,ACTINOPTERYGII,SCORPAENIFORMES,SEBASTIDAE,Sebastes,Redfish,NA,TRUE,FALSE,FALSE,massachusetts,
Sebastes fasciatus,ANIMALIA,CHORDATA,ACTINOPTERYGII,SCORPAENIFORMES,SEBASTIDAE,Sebastes,Redfish,NA,TRUE,FALSE,FALSE,rhode island,
Sebastes fasciatus,ANIMALIA,CHORDATA,ACTINOPTERYGII,SCORPAENIFORMES,SEBASTIDAE,Sebastes,Redfish,NA,TRUE,FALSE,FALSE,connecticut,
Sebastes fasciatus,ANIMALIA,CHORDATA,ACTINOPTERYGII,SCORPAENIFORMES,SEBASTIDAE,Sebastes,Redfish,NA,TRUE,FALSE,FALSE,new york,
Sebastes paucispinus,ANIMALIA,CHORDATA,ACTINOPTERYGII,SCORPAENIFORMES,SEBASTIDAE,Sebastes,Bocaccio Rockfish,NA,TRUE,FALSE,FALSE,california,
Sebastes paucispinus,ANIMALIA,CHORDATA,ACTINOPTERYGII,SCORPAENIFORMES,SEBASTIDAE,Sebastes,Bocaccio Rockfish,NA,TRUE,FALSE,FALSE,oregon,
Sebastes paucispinus,ANIMALIA,CHORDATA,ACTINOPTERYGII,SCORPAENIFORMES,SEBASTIDAE,Sebastes,Bocaccio Rockfish,NA,TRUE,FALSE,FALSE,washington,
Sebastes paucispinus,ANIMALIA,CHORDATA,ACTINOPTERYGII,SCORPAENIFORMES,SEBASTIDAE,Sebastes,Bocaccio Rockfish,NA,TRUE,FALSE,FALSE,alaska,
Sebastolobus alascanus,ANIMALIA,CHORDATA,ACTINOPTERYGII,SCORPAENIFORMES,SCORPAENIDAE,Sebastolobus,Shortspine Thornyhead,NA,TRUE,FALSE,FALSE,california,
Sebastolobus alascanus,ANIMALIA,CHORDATA,ACTINOPTERYGII,SCORPAENIFORMES,SCORPAENIDAE,Sebastolobus,Shortspine Thornyhead,NA,TRUE,FALSE,FALSE,oregon,
Sebastolobus alascanus,ANIMALIA,CHORDATA,ACTINOPTERYGII,SCORPAENIFORMES,SCORPAENIDAE,Sebastolobus,Shortspine Thornyhead,NA,TRUE,FALSE,FALSE,washington,
Sebastolobus alascanus,ANIMALIA,CHORDATA,ACTINOPTERYGII,SCORPAENIFORMES,SCORPAENIDAE,Sebastolobus,Shortspine Thornyhead,NA,TRUE,FALSE,FALSE,alaska,
Semicossyphus pulcher,ANIMALIA,CHORDATA,ACTINOPTERYGII,PERCIFORMES,LABRIDAE,Semicossyphus,California Sheephead,Decreasing,TRUE,FALSE,FALSE,california,
Spheniscus humboldti,ANIMALIA,CHORDATA,AVES,SPHENISCIFORMES,SPHENISCIDAE,Spheniscus,Humboldt Penguin,Decreasing,TRUE,FALSE,TRUE,NA,not in US
Spizella wortheni,ANIMALIA,CHORDATA,AVES,PASSERIFORMES,PASSERELLIDAE,Spizella,Worthen's Sparrow,Decreasing,FALSE,FALSE,TRUE,NA,not in US
Stichopus herrmanni,ANIMALIA,ECHINODERMATA,HOLOTHUROIDEA,ASPIDOCHIROTIDA,STICHOPODIDAE,Stichopus,Curryfish,Decreasing,TRUE,FALSE,FALSE,hawaii,
Synthliboramphus hypoleucus,ANIMALIA,CHORDATA,AVES,CHARADRIIFORMES,ALCIDAE,Synthliboramphus,Guadalupe Murrelet,Decreasing,TRUE,FALSE,TRUE,california,
Synthliboramphus hypoleucus,ANIMALIA,CHORDATA,AVES,CHARADRIIFORMES,ALCIDAE,Synthliboramphus,Guadalupe Murrelet,Decreasing,TRUE,FALSE,TRUE,oregon,
Synthliboramphus hypoleucus,ANIMALIA,CHORDATA,AVES,CHARADRIIFORMES,ALCIDAE,Synthliboramphus,Guadalupe Murrelet,Decreasing,TRUE,FALSE,TRUE,washington,
Thalassarche chlororhynchos,ANIMALIA,CHORDATA,AVES,PROCELLARIIFORMES,DIOMEDEIDAE,Thalassarche,Atlantic Yellow-nosed Albatross,Decreasing,TRUE,FALSE,TRUE,NA,not in US
Theliderma tuberosa,ANIMALIA,MOLLUSCA,BIVALVIA,UNIONOIDA,UNIONIDAE,Theliderma,NA,NA,FALSE,TRUE,FALSE,kentucky,
Theliderma tuberosa,ANIMALIA,MOLLUSCA,BIVALVIA,UNIONOIDA,UNIONIDAE,Theliderma,NA,NA,FALSE,TRUE,FALSE,tennessee,
Thunnus orientalis,ANIMALIA,CHORDATA,ACTINOPTERYGII,PERCIFORMES,SCOMBRIDAE,Thunnus,Pacific Bluefin Tuna,Decreasing,TRUE,FALSE,FALSE,hawaii,
Thunnus orientalis,ANIMALIA,CHORDATA,ACTINOPTERYGII,PERCIFORMES,SCOMBRIDAE,Thunnus,Pacific Bluefin Tuna,Decreasing,TRUE,FALSE,FALSE,california,
Thunnus orientalis,ANIMALIA,CHORDATA,ACTINOPTERYGII,PERCIFORMES,SCOMBRIDAE,Thunnus,Pacific Bluefin Tuna,Decreasing,TRUE,FALSE,FALSE,oregon,
Thunnus orientalis,ANIMALIA,CHORDATA,ACTINOPTERYGII,PERCIFORMES,SCOMBRIDAE,Thunnus,Pacific Bluefin Tuna,Decreasing,TRUE,FALSE,FALSE,washington,
Thunnus orientalis,ANIMALIA,CHORDATA,ACTINOPTERYGII,PERCIFORMES,SCOMBRIDAE,Thunnus,Pacific Bluefin Tuna,Decreasing,TRUE,FALSE,FALSE,alaska,
Tridacna gigas,ANIMALIA,MOLLUSCA,BIVALVIA,CARDIIDA,CARDIIDAE,Tridacna,Giant Clam,NA,TRUE,FALSE,FALSE,NA,not native
Aspidoscelis gypsi,Animalia,Chordata,Reptilia,Squamata,Teiidae,Aspidoscelis,Little Striped Whiptail,Decreasing,FALSE,FALSE,TRUE,arizona,
Aspidoscelis gypsi,Animalia,Chordata,Reptilia,Squamata,Teiidae,Aspidoscelis,Little Striped Whiptail,Decreasing,FALSE,FALSE,TRUE,new mex,
Aspidoscelis gypsi,Animalia,Chordata,Reptilia,Squamata,Teiidae,Aspidoscelis,Little Striped Whiptail,Decreasing,FALSE,FALSE,TRUE,texas,
Bidens sandvicensis,Plantae,Tracheophyta,Magnoliopsida,Asterales,Asteraceae,Bidens,Ko‘okolau,Decreasing,FALSE,FALSE,TRUE,hawaii,
Labordia tinifolia,Plantae,Tracheophyta,Magnoliopsida,Gentianales,Loganiaceae,Geniostoma,NA,NA,FALSE,FALSE,TRUE,hawaii,
Lampsilis reeviana,Animalia,Mollusca,Bivalvia,Unionida,Unionidae,Lampsilis,NA,NA,FALSE,TRUE,FALSE,arkansas,
Lampsilis reeviana,Animalia,Mollusca,Bivalvia,Unionida,Unionidae,Lampsilis,NA,NA,FALSE,TRUE,FALSE,missouri,
